File,LOC,SLOC-P,SLOC-L,MVG,BLOC,C&SLOC,CLOC,CWORD,HCLOC,HCWORD
C:\Users\Chris\Documents\GitHub\Misc\AsymptoticCountdown\AsymptoticCountdown\Form1.cs,121,100,64,12,21,0,0,0,0,0
C:\Users\Chris\Documents\GitHub\Misc\AsymptoticCountdown\AsymptoticCountdown\Form1.Designer.cs,176,121,109,1,8,0,47,66,0,0
C:\Users\Chris\Documents\GitHub\Misc\AsymptoticCountdown\AsymptoticCountdown\Program.cs,23,18,11,0,2,0,3,12,0,0
C:\Users\Chris\Documents\GitHub\Misc\AsymptoticCountdown\AsymptoticCountdown\Properties\AssemblyInfo.cs,37,15,3,0,5,0,17,120,0,0
C:\Users\Chris\Documents\GitHub\Misc\AsymptoticCountdown\AsymptoticCountdown\Properties\Resources.Designer.cs,72,41,16,3,9,1,22,119,0,1
C:\Users\Chris\Documents\GitHub\Misc\AsymptoticCountdown\AsymptoticCountdown\Properties\Settings.Designer.cs,31,17,6,1,6,1,8,30,0,1
C:\Users\Chris\Documents\GitHub\Misc\ChartTest\ChartTest\Form1.cs,80,68,49,6,12,0,0,0,0,0
C:\Users\Chris\Documents\GitHub\Misc\ChartTest\ChartTest\Form1.Designer.cs,138,101,88,1,8,0,29,60,0,0
C:\Users\Chris\Documents\GitHub\Misc\ChartTest\ChartTest\Program.cs,23,18,11,0,2,0,3,12,0,0
C:\Users\Chris\Documents\GitHub\Misc\ChartTest\ChartTest\Properties\AssemblyInfo.cs,37,15,3,0,5,0,17,120,0,0
C:\Users\Chris\Documents\GitHub\Misc\ChartTest\ChartTest\Properties\Resources.Designer.cs,72,41,16,3,9,1,22,119,0,1
C:\Users\Chris\Documents\GitHub\Misc\ChartTest\ChartTest\Properties\Settings.Designer.cs,31,17,6,1,6,1,8,30,0,1
C:\Users\Chris\Documents\GitHub\Misc\ConsoleScratchpad\ConsoleScratchpad\IKEAArgument.cs,915,714,290,3,201,0,0,0,0,0
C:\Users\Chris\Documents\GitHub\Misc\ConsoleScratchpad\ConsoleScratchpad\Program.cs,181,140,100,8,36,0,5,24,0,0
C:\Users\Chris\Documents\GitHub\Misc\ConsoleScratchpad\ConsoleScratchpad\Worker.cs,37,32,20,2,5,0,0,0,0,0
C:\Users\Chris\Documents\GitHub\Misc\ConsoleScratchpad\ConsoleScratchpad\bin\Debug\results.sqlite,67,63,0,0,4,0,0,0,0,0
C:\Users\Chris\Documents\GitHub\Misc\ConsoleScratchpad\ConsoleScratchpad\Properties\AssemblyInfo.cs,37,15,3,0,5,0,17,120,0,0
C:\Users\Chris\Documents\GitHub\Misc\DropSave\DropSave\FileSaver.cs,121,98,56,15,19,0,4,26,0,0
C:\Users\Chris\Documents\GitHub\Misc\DropSave\DropSave\MainForm.cs,77,63,41,2,13,0,1,2,0,0
C:\Users\Chris\Documents\GitHub\Misc\DropSave\DropSave\MainForm.Designer.cs,120,83,71,1,8,0,29,60,0,0
C:\Users\Chris\Documents\GitHub\Misc\DropSave\DropSave\Program.cs,23,18,11,0,2,0,3,12,0,0
C:\Users\Chris\Documents\GitHub\Misc\DropSave\DropSave\Properties\AssemblyInfo.cs,37,15,3,0,5,0,17,120,0,0
C:\Users\Chris\Documents\GitHub\Misc\DropSave\DropSave\Properties\Resources.Designer.cs,72,41,16,3,9,1,22,119,0,1
C:\Users\Chris\Documents\GitHub\Misc\DropSave\DropSave\Properties\Settings.Designer.cs,31,17,6,1,6,1,8,30,0,1
C:\Users\Chris\Documents\GitHub\Misc\DualStackMemory\DualStackMemory\MemorySpace.cs,34,30,22,0,4,0,0,0,0,0
C:\Users\Chris\Documents\GitHub\Misc\DualStackMemory\DualStackMemory\StackType.cs,21,18,10,0,3,0,0,0,0,0
C:\Users\Chris\Documents\GitHub\Misc\DualStackMemory\DualStackMemory\Properties\AssemblyInfo.cs,37,15,3,0,5,0,17,120,0,0
C:\Users\Chris\Documents\GitHub\Misc\DualStackMemory\DualStackMemoryProgram\Program.cs,18,16,10,0,2,0,0,0,0,0
C:\Users\Chris\Documents\GitHub\Misc\DualStackMemory\DualStackMemoryProgram\Properties\AssemblyInfo.cs,37,15,3,0,5,0,17,120,0,0
C:\Users\Chris\Documents\GitHub\Misc\FileTools\FileTools\BaseWriter.cs,95,81,45,13,14,0,0,0,0,0
C:\Users\Chris\Documents\GitHub\Misc\FileTools\FileTools\Compressor.cs,346,287,183,45,58,1,1,33,0,0
C:\Users\Chris\Documents\GitHub\Misc\FileTools\FileTools\CompressorGUI.cs,134,112,73,8,20,0,2,5,0,0
C:\Users\Chris\Documents\GitHub\Misc\FileTools\FileTools\CompressorGUI.Designer.cs,243,175,157,1,6,0,62,71,0,0
C:\Users\Chris\Documents\GitHub\Misc\FileTools\FileTools\CSharpWriter.cs,42,35,23,3,7,0,0,0,0,0
C:\Users\Chris\Documents\GitHub\Misc\FileTools\FileTools\FastArrayTools.cs,136,112,62,24,23,1,1,12,0,0
C:\Users\Chris\Documents\GitHub\Misc\FileTools\FileTools\FastCompressor.cs,260,211,132,35,44,3,5,68,0,0
C:\Users\Chris\Documents\GitHub\Misc\FileTools\FileTools\LZF.cs,260,149,95,36,41,4,70,580,0,0
C:\Users\Chris\Documents\GitHub\Misc\FileTools\FileTools\Program.cs,220,188,127,32,18,0,14,161,0,0
C:\Users\Chris\Documents\GitHub\Misc\FileTools\FileTools\SequenceCounter.cs,169,137,77,21,32,1,0,16,0,0
C:\Users\Chris\Documents\GitHub\Misc\FileTools\FileTools\Properties\AssemblyInfo.cs,39,16,3,0,6,0,17,120,0,0
C:\Users\Chris\Documents\GitHub\Misc\FileTools\FileToolsTests\BaseWriterTests.cs,31,26,17,0,5,0,0,0,0,0
C:\Users\Chris\Documents\GitHub\Misc\FileTools\FileToolsTests\Properties\AssemblyInfo.cs,37,15,3,0,5,0,17,120,0,0
C:\Users\Chris\Documents\GitHub\Misc\FileTransform\FileTransform\Program.cs,120,103,72,10,17,0,0,0,0,0
C:\Users\Chris\Documents\GitHub\Misc\FileTransform\FileTransform\Transforms.cs,97,86,44,9,11,0,0,0,0,0
C:\Users\Chris\Documents\GitHub\Misc\FileTransform\FileTransform\Properties\AssemblyInfo.cs,37,15,3,0,5,0,17,120,0,0
C:\Users\Chris\Documents\GitHub\Misc\HeavenlyPointsCalculator\HeavenlyPointsCalculator\HeavenlyPointsCalculator\Program.cs,65,55,39,5,9,0,1,9,0,0
C:\Users\Chris\Documents\GitHub\Misc\HeavenlyPointsCalculator\HeavenlyPointsCalculator\HeavenlyPointsCalculator\Properties\AssemblyInfo.cs,37,15,3,0,5,0,17,120,0,0
C:\Users\Chris\Documents\GitHub\Misc\LCDBoardController\CharacterManager\CharacterBank.cs,91,76,42,8,15,0,0,0,0,0
C:\Users\Chris\Documents\GitHub\Misc\LCDBoardController\CharacterManager\CustomCharacter.cs,48,40,25,4,8,0,0,0,0,0
C:\Users\Chris\Documents\GitHub\Misc\LCDBoardController\CharacterManager\Properties\AssemblyInfo.cs,37,15,3,0,5,0,17,120,0,0
C:\Users\Chris\Documents\GitHub\Misc\LCDBoardController\CustomCharEdit\MainForm.cs,144,117,81,13,24,0,3,23,0,0
C:\Users\Chris\Documents\GitHub\Misc\LCDBoardController\CustomCharEdit\MainForm.Designer.cs,193,135,123,1,8,0,50,67,0,0
C:\Users\Chris\Documents\GitHub\Misc\LCDBoardController\CustomCharEdit\Program.cs,23,18,11,0,2,0,3,12,0,0
C:\Users\Chris\Documents\GitHub\Misc\LCDBoardController\CustomCharEdit\Properties\AssemblyInfo.cs,37,15,3,0,5,0,17,120,0,0
C:\Users\Chris\Documents\GitHub\Misc\LCDBoardController\CustomCharEdit\Properties\Resources.Designer.cs,72,41,16,3,9,1,22,119,0,1
C:\Users\Chris\Documents\GitHub\Misc\LCDBoardController\CustomCharEdit\Properties\Settings.Designer.cs,31,17,6,1,6,1,8,30,0,1
C:\Users\Chris\Documents\GitHub\Misc\LCDBoardController\LCDBoardController\BoardText.cs,25,11,7,0,2,0,12,74,0,0
C:\Users\Chris\Documents\GitHub\Misc\LCDBoardController\LCDBoardController\Color.cs,23,20,14,0,3,0,0,0,0,0
C:\Users\Chris\Documents\GitHub\Misc\LCDBoardController\LCDBoardController\LCDBoard.cs,274,190,135,15,48,6,36,236,0,0
C:\Users\Chris\Documents\GitHub\Misc\LCDBoardController\LCDBoardController\Message.cs,226,132,83,21,34,1,60,605,0,0
C:\Users\Chris\Documents\GitHub\Misc\LCDBoardController\LCDBoardController\Properties\AssemblyInfo.cs,37,15,3,0,5,0,17,120,0,0
C:\Users\Chris\Documents\GitHub\Misc\LCDBoardController\LCDBoardControllerMain\Program.cs,55,40,28,1,9,0,6,26,0,0
C:\Users\Chris\Documents\GitHub\Misc\LCDBoardController\LCDBoardControllerMain\Properties\AssemblyInfo.cs,37,15,3,0,5,0,17,120,0,0
C:\Users\Chris\Documents\GitHub\Misc\LibraryOfNoise\LibraryOfNoise\MainForm.cs,95,78,46,5,17,1,0,1,0,0
C:\Users\Chris\Documents\GitHub\Misc\LibraryOfNoise\LibraryOfNoise\MainForm.Designer.cs,189,137,119,1,8,0,44,65,0,0
C:\Users\Chris\Documents\GitHub\Misc\LibraryOfNoise\LibraryOfNoise\NoiseGenerator.cs,63,47,37,2,16,0,0,0,0,0
C:\Users\Chris\Documents\GitHub\Misc\LibraryOfNoise\LibraryOfNoise\Program.cs,23,18,11,0,2,0,3,12,0,0
C:\Users\Chris\Documents\GitHub\Misc\LibraryOfNoise\LibraryOfNoise\Properties\AssemblyInfo.cs,37,15,3,0,5,0,17,120,0,0
C:\Users\Chris\Documents\GitHub\Misc\LibraryOfNoise\LibraryOfNoise\Properties\Resources.Designer.cs,72,41,16,3,9,1,22,119,0,1
C:\Users\Chris\Documents\GitHub\Misc\LibraryOfNoise\LibraryOfNoise\Properties\Settings.Designer.cs,31,17,6,1,6,1,8,30,0,1
C:\Users\Chris\Documents\GitHub\Misc\MeijerStatAnalyzer\MeijerStatAnalyzer\Day.cs,44,39,26,0,5,0,0,0,0,0
C:\Users\Chris\Documents\GitHub\Misc\MeijerStatAnalyzer\MeijerStatAnalyzer\Parser.cs,138,112,82,16,25,0,1,1,0,0
C:\Users\Chris\Documents\GitHub\Misc\MeijerStatAnalyzer\MeijerStatAnalyzer\Program.cs,138,114,77,10,21,5,3,48,0,0
C:\Users\Chris\Documents\GitHub\Misc\MeijerStatAnalyzer\MeijerStatAnalyzer\Queries.cs,205,161,103,22,35,1,9,53,0,0
C:\Users\Chris\Documents\GitHub\Misc\MeijerStatAnalyzer\MeijerStatAnalyzer\SecondsAfterMidnight.cs,93,79,47,8,14,0,0,0,0,0
C:\Users\Chris\Documents\GitHub\Misc\MeijerStatAnalyzer\MeijerStatAnalyzer\Series.cs,27,21,15,1,6,0,0,0,0,0
C:\Users\Chris\Documents\GitHub\Misc\MeijerStatAnalyzer\MeijerStatAnalyzer\Shift.cs,41,35,28,0,6,0,0,0,0,0
C:\Users\Chris\Documents\GitHub\Misc\MeijerStatAnalyzer\MeijerStatAnalyzer\StatsByDay.cs,90,75,59,4,15,0,0,0,0,0
C:\Users\Chris\Documents\GitHub\Misc\MeijerStatAnalyzer\MeijerStatAnalyzer\Week.cs,44,38,27,3,6,0,0,0,0,0
C:\Users\Chris\Documents\GitHub\Misc\MeijerStatAnalyzer\MeijerStatAnalyzer\Properties\AssemblyInfo.cs,37,15,3,0,5,0,17,120,0,0
C:\Users\Chris\Documents\GitHub\Misc\MeijerStatTrack\MeijerStatTrack\Program.cs,17,15,9,0,2,0,0,0,0,0
C:\Users\Chris\Documents\GitHub\Misc\MeijerStatTrack\MeijerStatTrack\Properties\AssemblyInfo.cs,37,15,3,0,5,0,17,120,0,0
C:\Users\Chris\Documents\GitHub\Misc\PictureTiler\PictureTiler\App.xaml.cs,107,63,39,5,10,0,34,251,0,0
C:\Users\Chris\Documents\GitHub\Misc\PictureTiler\PictureTiler\MainPage.xaml.cs,31,24,18,0,3,0,4,30,0,0
C:\Users\Chris\Documents\GitHub\Misc\PictureTiler\PictureTiler\obj\x86\Debug\App.g.cs,18,7,2,0,3,0,8,28,0,0
C:\Users\Chris\Documents\GitHub\Misc\PictureTiler\PictureTiler\obj\x86\Debug\App.g.i.cs,60,40,15,2,6,0,14,41,0,0
C:\Users\Chris\Documents\GitHub\Misc\PictureTiler\PictureTiler\obj\x86\Debug\MainPage.g.cs,38,23,7,1,4,0,11,34,0,0
C:\Users\Chris\Documents\GitHub\Misc\PictureTiler\PictureTiler\obj\x86\Debug\MainPage.g.i.cs,40,19,8,1,10,0,11,34,0,0
C:\Users\Chris\Documents\GitHub\Misc\PictureTiler\PictureTiler\obj\x86\Debug\XamlTypeInfo.g.cs,536,442,286,59,75,4,19,61,0,1
C:\Users\Chris\Documents\GitHub\Misc\PictureTiler\PictureTiler\Properties\AssemblyInfo.cs,29,14,3,0,2,0,13,67,0,0
C:\Users\Chris\Documents\GitHub\Misc\PictureTilerCLI\PictureTilerCLI\CustomBlend.cs,41,28,15,2,3,0,10,34,0,0
C:\Users\Chris\Documents\GitHub\Misc\PictureTilerCLI\PictureTilerCLI\Program.cs,96,83,42,6,12,0,1,2,0,0
C:\Users\Chris\Documents\GitHub\Misc\PictureTilerCLI\PictureTilerCLI\Tiler.cs,233,201,122,36,29,0,3,7,0,0
C:\Users\Chris\Documents\GitHub\Misc\PictureTilerCLI\PictureTilerCLI\Properties\AssemblyInfo.cs,37,15,3,0,5,0,17,120,0,0
C:\Users\Chris\Documents\GitHub\Misc\ProgrammingPuzzles\ProgrammingPuzzles\Program.cs,63,51,32,3,10,0,2,8,0,0
C:\Users\Chris\Documents\GitHub\Misc\ProgrammingPuzzles\ProgrammingPuzzles\Puzzle.cs,17,14,10,0,3,0,0,0,0,0
C:\Users\Chris\Documents\GitHub\Misc\ProgrammingPuzzles\ProgrammingPuzzles\Properties\AssemblyInfo.cs,37,15,3,0,5,0,17,120,0,0
C:\Users\Chris\Documents\GitHub\Misc\ProgrammingPuzzles\ProgrammingPuzzles\Puzzles\Disemvoweler.cs,35,28,19,1,6,0,1,2,0,0
C:\Users\Chris\Documents\GitHub\Misc\ProgrammingPuzzles\ProgrammingPuzzles\Puzzles\LangtonsAnt.cs,322,290,179,32,29,0,3,14,0,0
C:\Users\Chris\Documents\GitHub\Misc\QuickCountdown\QuickCountdown\MainForm.cs,75,55,39,0,15,0,5,47,0,0
C:\Users\Chris\Documents\GitHub\Misc\QuickCountdown\QuickCountdown\MainForm.Designer.cs,196,138,126,1,8,0,50,67,0,0
C:\Users\Chris\Documents\GitHub\Misc\QuickCountdown\QuickCountdown\Program.cs,23,18,11,0,2,0,3,12,0,0
C:\Users\Chris\Documents\GitHub\Misc\QuickCountdown\QuickCountdown\Properties\AssemblyInfo.cs,37,15,3,0,5,0,17,120,0,0
C:\Users\Chris\Documents\GitHub\Misc\QuickCountdown\QuickCountdown\Properties\Resources.Designer.cs,72,41,16,3,9,1,22,119,0,1
C:\Users\Chris\Documents\GitHub\Misc\QuickCountdown\QuickCountdown\Properties\Settings.Designer.cs,31,17,6,1,6,1,8,30,0,1
C:\Users\Chris\Documents\GitHub\Misc\QuickLog\QuickLog\MainForm.cs,60,52,34,1,8,2,0,21,0,0
C:\Users\Chris\Documents\GitHub\Misc\QuickLog\QuickLog\MainForm.Designer.cs,133,96,75,1,8,0,29,60,0,0
C:\Users\Chris\Documents\GitHub\Misc\QuickLog\QuickLog\Program.cs,23,18,11,0,2,0,3,12,0,0
C:\Users\Chris\Documents\GitHub\Misc\QuickLog\QuickLog\Properties\AssemblyInfo.cs,37,15,3,0,5,0,17,120,0,0
C:\Users\Chris\Documents\GitHub\Misc\QuickLog\QuickLog\Properties\Resources.Designer.cs,72,41,16,3,9,1,22,119,0,1
C:\Users\Chris\Documents\GitHub\Misc\QuickLog\QuickLog\Properties\Settings.Designer.cs,31,17,6,1,6,1,8,30,0,1
C:\Users\Chris\Documents\GitHub\Misc\QuickTag\QuickTag\FolderSelector.cs,39,34,20,1,5,0,0,0,0,0
C:\Users\Chris\Documents\GitHub\Misc\QuickTag\QuickTag\FolderSelector.Designer.cs,126,88,76,1,6,0,32,61,0,0
C:\Users\Chris\Documents\GitHub\Misc\QuickTag\QuickTag\MainForm.cs,236,195,118,23,31,1,10,105,0,0
C:\Users\Chris\Documents\GitHub\Misc\QuickTag\QuickTag\MainForm.Designer.cs,215,159,143,1,6,0,50,67,0,0
C:\Users\Chris\Documents\GitHub\Misc\QuickTag\QuickTag\Program.cs,23,18,11,0,2,0,3,12,0,0
C:\Users\Chris\Documents\GitHub\Misc\QuickTag\QuickTag\StartForm.cs,57,51,33,3,6,0,0,0,0,0
C:\Users\Chris\Documents\GitHub\Misc\QuickTag\QuickTag\StartForm.Designer.cs,109,72,60,1,8,0,29,60,0,0
C:\Users\Chris\Documents\GitHub\Misc\QuickTag\QuickTag\Data\Database.cs,189,162,90,28,27,0,0,0,0,0
C:\Users\Chris\Documents\GitHub\Misc\QuickTag\QuickTag\Data\Folder.cs,232,190,110,27,40,0,2,14,0,0
C:\Users\Chris\Documents\GitHub\Misc\QuickTag\QuickTag\Data\ImageData.cs,165,138,75,17,27,0,0,0,0,0
C:\Users\Chris\Documents\GitHub\Misc\QuickTag\QuickTag\Data\ImageDataComparer.cs,20,18,12,1,2,0,0,0,0,0
C:\Users\Chris\Documents\GitHub\Misc\QuickTag\QuickTag\Data\ISerializable.cs,42,16,11,0,4,1,22,108,0,1
C:\Users\Chris\Documents\GitHub\Misc\QuickTag\QuickTag\Properties\AssemblyInfo.cs,37,15,3,0,5,0,17,120,0,0
C:\Users\Chris\Documents\GitHub\Misc\QuickTag\QuickTag\Properties\Resources.Designer.cs,72,41,16,3,9,1,22,119,0,1
C:\Users\Chris\Documents\GitHub\Misc\QuickTag\QuickTag\Properties\Settings.Designer.cs,31,17,6,1,6,1,8,30,0,1
C:\Users\Chris\Documents\GitHub\Misc\QuickTag\QuickTagTests\FolderTests.cs,68,58,34,2,9,0,1,4,0,0
C:\Users\Chris\Documents\GitHub\Misc\QuickTag\QuickTagTests\ImageDataComparerTests.cs,41,36,22,0,5,0,0,0,0,0
C:\Users\Chris\Documents\GitHub\Misc\QuickTag\QuickTagTests\ImageDataTests.cs,148,131,74,0,17,0,0,0,0,0
C:\Users\Chris\Documents\GitHub\Misc\QuickTag\QuickTagTests\Properties\AssemblyInfo.cs,37,15,3,0,5,0,17,120,0,0
C:\Users\Chris\Documents\GitHub\Misc\SimpleArc\SimpleArc\Processor.cs,93,77,46,10,12,0,4,43,0,0
C:\Users\Chris\Documents\GitHub\Misc\SimpleArc\SimpleArc\Program.cs,38,34,24,2,4,0,0,0,0,0
C:\Users\Chris\Documents\GitHub\Misc\SimpleArc\SimpleArc\Properties\AssemblyInfo.cs,37,15,3,0,5,0,17,120,0,0
C:\Users\Chris\Documents\GitHub\Misc\SimpleCompression\SimpleCompression\BinaryRLECompressor.cs,183,154,91,18,29,0,0,0,0,0
C:\Users\Chris\Documents\GitHub\Misc\SimpleCompression\SimpleCompression\Form1.Designer.cs,336,245,227,1,8,0,83,78,0,0
C:\Users\Chris\Documents\GitHub\Misc\SimpleCompression\SimpleCompression\MainForm.cs,120,105,64,13,15,0,0,0,0,0
C:\Users\Chris\Documents\GitHub\Misc\SimpleCompression\SimpleCompression\Program.cs,23,18,11,0,2,0,3,12,0,0
C:\Users\Chris\Documents\GitHub\Misc\SimpleCompression\SimpleCompression\StringExtensions.cs,24,20,12,2,4,0,0,0,0,0
C:\Users\Chris\Documents\GitHub\Misc\SimpleCompression\SimpleCompression\Properties\AssemblyInfo.cs,37,15,3,0,5,0,17,120,0,0
C:\Users\Chris\Documents\GitHub\Misc\SimpleCompression\SimpleCompression\Properties\Resources.Designer.cs,72,41,16,3,9,1,22,119,0,1
C:\Users\Chris\Documents\GitHub\Misc\SimpleCompression\SimpleCompression\Properties\Settings.Designer.cs,31,17,6,1,6,1,8,30,0,1
C:\Users\Chris\Documents\GitHub\Misc\SomeDungeonGame\LimitlessBase\LimitlessBase\GameServices.cs,170,81,46,5,19,1,70,329,0,1
C:\Users\Chris\Documents\GitHub\Misc\SomeDungeonGame\LimitlessBase\LimitlessBase\MainGame.cs,92,46,26,1,14,0,32,207,0,0
C:\Users\Chris\Documents\GitHub\Misc\SomeDungeonGame\LimitlessBase\LimitlessBase\Orb.cs,52,42,24,1,10,0,0,0,0,0
C:\Users\Chris\Documents\GitHub\Misc\SomeDungeonGame\LimitlessBase\LimitlessBase\Program.cs,27,19,7,0,2,0,6,20,0,0
C:\Users\Chris\Documents\GitHub\Misc\SomeDungeonGame\LimitlessBase\LimitlessBase\Collections\Grid.cs,143,75,42,9,17,1,51,337,0,1
C:\Users\Chris\Documents\GitHub\Misc\SomeDungeonGame\LimitlessBase\LimitlessBase\Collections\Hierarchy.cs,133,65,36,11,17,1,51,317,0,1
C:\Users\Chris\Documents\GitHub\Misc\SomeDungeonGame\LimitlessBase\LimitlessBase\Collections\SizedGrid.cs,183,96,53,11,20,1,67,431,0,1
C:\Users\Chris\Documents\GitHub\Misc\SomeDungeonGame\LimitlessBase\LimitlessBase\Entities\BackgroundTile.cs,41,34,20,0,7,0,0,0,0,0
C:\Users\Chris\Documents\GitHub\Misc\SomeDungeonGame\LimitlessBase\LimitlessBase\Entities\SolidTile.cs,45,37,21,0,8,0,0,0,0,0
C:\Users\Chris\Documents\GitHub\Misc\SomeDungeonGame\LimitlessBase\LimitlessBase\Entities\Tile.cs,27,22,18,0,5,0,0,0,0,0
C:\Users\Chris\Documents\GitHub\Misc\SomeDungeonGame\LimitlessBase\LimitlessBase\Extensions\ColorExtensions.cs,46,24,15,2,4,1,18,91,0,1
C:\Users\Chris\Documents\GitHub\Misc\SomeDungeonGame\LimitlessBase\LimitlessBase\Extensions\GameTimeExtensions.cs,39,17,8,2,4,1,18,92,0,1
C:\Users\Chris\Documents\GitHub\Misc\SomeDungeonGame\LimitlessBase\LimitlessBase\Extensions\ListExtensions.cs,33,18,9,1,2,1,13,68,0,1
C:\Users\Chris\Documents\GitHub\Misc\SomeDungeonGame\LimitlessBase\LimitlessBase\Extensions\NumericExtensions.cs,122,62,31,14,10,2,50,326,0,1
C:\Users\Chris\Documents\GitHub\Misc\SomeDungeonGame\LimitlessBase\LimitlessBase\Extensions\RectangleExtensions.cs,30,16,9,0,2,1,12,48,0,1
C:\Users\Chris\Documents\GitHub\Misc\SomeDungeonGame\LimitlessBase\LimitlessBase\Extensions\SpriteBatchExtensions.cs,159,68,44,1,15,1,76,441,0,1
C:\Users\Chris\Documents\GitHub\Misc\SomeDungeonGame\LimitlessBase\LimitlessBase\Extensions\StringExtensions.cs,112,58,31,7,9,1,45,284,0,1
C:\Users\Chris\Documents\GitHub\Misc\SomeDungeonGame\LimitlessBase\LimitlessBase\Extensions\Texture2DExtensions.cs,50,32,21,5,5,1,13,49,0,1
C:\Users\Chris\Documents\GitHub\Misc\SomeDungeonGame\LimitlessBase\LimitlessBase\Extensions\TypeExtensions.cs,68,41,22,11,8,1,19,93,0,1
C:\Users\Chris\Documents\GitHub\Misc\SomeDungeonGame\LimitlessBase\LimitlessBase\Extensions\Vector2Extensions.cs,299,143,76,33,34,2,122,774,0,1
C:\Users\Chris\Documents\GitHub\Misc\SomeDungeonGame\LimitlessBase\LimitlessBase\Graphics\AnimatedGraphicsObject.cs,470,267,156,28,49,2,154,889,0,1
C:\Users\Chris\Documents\GitHub\Misc\SomeDungeonGame\LimitlessBase\LimitlessBase\Graphics\BitmapFont.cs,152,78,47,6,21,1,53,263,0,1
C:\Users\Chris\Documents\GitHub\Misc\SomeDungeonGame\LimitlessBase\LimitlessBase\Graphics\ComplexGraphicsObject.cs,371,228,135,23,34,1,109,599,0,1
C:\Users\Chris\Documents\GitHub\Misc\SomeDungeonGame\LimitlessBase\LimitlessBase\Graphics\CroppedTextureMetadata.cs,38,17,10,0,3,1,18,80,0,1
C:\Users\Chris\Documents\GitHub\Misc\SomeDungeonGame\LimitlessBase\LimitlessBase\Graphics\GraphicsManager.cs,169,104,67,17,22,1,43,275,0,1
C:\Users\Chris\Documents\GitHub\Misc\SomeDungeonGame\LimitlessBase\LimitlessBase\Graphics\IGraphicsObject.cs,73,22,17,0,9,1,42,222,0,1
C:\Users\Chris\Documents\GitHub\Misc\SomeDungeonGame\LimitlessBase\LimitlessBase\Graphics\StaticGraphicsObject.cs,184,93,54,7,18,1,73,370,0,1
C:\Users\Chris\Documents\GitHub\Misc\SomeDungeonGame\LimitlessBase\LimitlessBase\Input\InputManager.cs,414,210,100,41,43,1,161,890,0,1
C:\Users\Chris\Documents\GitHub\Misc\SomeDungeonGame\LimitlessBase\LimitlessBase\Input\InputObject.cs,299,167,83,29,29,1,103,574,0,1
C:\Users\Chris\Documents\GitHub\Misc\SomeDungeonGame\LimitlessBase\LimitlessBase\Interfaces\IEffect.cs,90,27,18,0,11,1,52,261,0,1
C:\Users\Chris\Documents\GitHub\Misc\SomeDungeonGame\LimitlessBase\LimitlessBase\Interfaces\IName.cs,24,12,7,0,2,1,10,36,0,1
C:\Users\Chris\Documents\GitHub\Misc\SomeDungeonGame\LimitlessBase\LimitlessBase\Interfaces\IPositionable.cs,30,14,9,0,3,1,13,50,0,1
C:\Users\Chris\Documents\GitHub\Misc\SomeDungeonGame\LimitlessBase\LimitlessBase\IO\DataReader.cs,408,254,145,53,43,1,111,648,0,1
C:\Users\Chris\Documents\GitHub\Misc\SomeDungeonGame\LimitlessBase\LimitlessBase\Physics\BoundingRectangle.cs,580,274,137,43,56,1,250,1528,0,1
C:\Users\Chris\Documents\GitHub\Misc\SomeDungeonGame\LimitlessBase\LimitlessBase\Physics\Camera2D.cs,115,63,32,5,12,1,40,193,0,1
C:\Users\Chris\Documents\GitHub\Misc\SomeDungeonGame\LimitlessBase\LimitlessBase\Physics\Interpolator.cs,263,120,69,12,31,1,112,647,0,1
C:\Users\Chris\Documents\GitHub\Misc\SomeDungeonGame\LimitlessBase\LimitlessBase\Physics\InterpolatorScales.cs,116,42,25,5,12,1,62,371,0,1
C:\Users\Chris\Documents\GitHub\Misc\SomeDungeonGame\LimitlessBase\LimitlessBase\Physics\IntVector2.cs,285,127,64,23,26,1,132,773,0,1
C:\Users\Chris\Documents\GitHub\Misc\SomeDungeonGame\LimitlessBase\LimitlessBase\Physics\RightTriangle.cs,538,310,148,63,48,1,180,1196,0,1
C:\Users\Chris\Documents\GitHub\Misc\SomeDungeonGame\LimitlessBase\LimitlessBase\Properties\AssemblyInfo.cs,37,15,3,0,5,0,17,120,0,0
C:\Users\Chris\Documents\GitHub\Misc\SomeDungeonGame\LimitlessBase\LimitlessBase\Screens\BlankScreen.cs,65,37,22,1,6,1,22,90,0,1
C:\Users\Chris\Documents\GitHub\Misc\SomeDungeonGame\LimitlessBase\LimitlessBase\Screens\Screen.cs,123,49,30,1,17,1,57,299,0,1
C:\Users\Chris\Documents\GitHub\Misc\SomeDungeonGame\LimitlessBase\LimitlessBase\Screens\ScreenManager.cs,154,88,51,5,15,1,51,243,0,1
C:\Users\Chris\Documents\GitHub\Misc\SomeDungeonGame\LimitlessBase\LimitlessBase\Screens\TestScreen.cs,156,49,30,1,13,1,94,375,0,1
C:\Users\Chris\Documents\GitHub\Misc\SomeDungeonGame\LimitlessBase\LimitlessBase\Screens\Effects\FadeEffect.cs,185,106,61,11,17,1,62,292,0,1
C:\Users\Chris\Documents\GitHub\Misc\SomeDungeonGame\LimitlessBase\LimitlessBase\Sounds\Sound.cs,168,100,57,8,22,1,46,213,0,1
C:\Users\Chris\Documents\GitHub\Misc\SomeDungeonGame\LimitlessBase\LimitlessBase\Sounds\SoundManager.cs,119,71,36,5,10,1,38,207,0,1
C:\Users\Chris\Documents\GitHub\Misc\SortFilesByDate\SortFilesByDate\Program.cs,146,111,70,11,30,0,5,32,0,0
C:\Users\Chris\Documents\GitHub\Misc\SortFilesByDate\SortFilesByDate\Properties\AssemblyInfo.cs,37,15,3,0,5,0,17,120,0,0
C:\Users\Chris\Documents\GitHub\Misc\SupermarketSimulator\SupermarketSimulator\Game.cs,78,67,45,3,11,0,0,0,0,0
C:\Users\Chris\Documents\GitHub\Misc\SupermarketSimulator\SupermarketSimulator\MainForm.cs,43,35,21,1,8,0,0,0,0,0
C:\Users\Chris\Documents\GitHub\Misc\SupermarketSimulator\SupermarketSimulator\MainForm.Designer.cs,133,90,78,1,8,0,35,62,0,0
C:\Users\Chris\Documents\GitHub\Misc\SupermarketSimulator\SupermarketSimulator\Program.cs,23,18,11,0,2,0,3,12,0,0
C:\Users\Chris\Documents\GitHub\Misc\SupermarketSimulator\SupermarketSimulator\Buyables\Buyable.cs,34,29,19,1,5,0,0,0,0,0
C:\Users\Chris\Documents\GitHub\Misc\SupermarketSimulator\SupermarketSimulator\Properties\AssemblyInfo.cs,37,15,3,0,5,0,17,120,0,0
C:\Users\Chris\Documents\GitHub\Misc\SupermarketSimulator\SupermarketSimulator\Properties\Resources.Designer.cs,72,41,16,3,9,1,22,119,0,1
C:\Users\Chris\Documents\GitHub\Misc\SupermarketSimulator\SupermarketSimulator\Properties\Settings.Designer.cs,31,17,6,1,6,1,8,30,0,1
C:\Users\Chris\Documents\GitHub\Misc\SupermarketSimulator\SupermarketSimulatorTests\UnitTest1.cs,15,13,5,0,2,0,0,0,0,0
C:\Users\Chris\Documents\GitHub\Misc\SupermarketSimulator\SupermarketSimulatorTests\Properties\AssemblyInfo.cs,37,15,3,0,5,0,17,120,0,0
C:\Users\Chris\Documents\GitHub\Misc\SupermarketSimulatorMain\SupermarketSimulatorMain\GameForm.cs,21,19,13,0,2,0,0,0,0,0
C:\Users\Chris\Documents\GitHub\Misc\SupermarketSimulatorMain\SupermarketSimulatorMain\GameForm.Designer.cs,138,97,85,1,6,0,35,62,0,0
C:\Users\Chris\Documents\GitHub\Misc\SupermarketSimulatorMain\SupermarketSimulatorMain\MainForm.cs,21,19,13,0,2,0,0,0,0,0
C:\Users\Chris\Documents\GitHub\Misc\SupermarketSimulatorMain\SupermarketSimulatorMain\MainForm.Designer.cs,65,40,28,1,8,0,17,56,0,0
C:\Users\Chris\Documents\GitHub\Misc\SupermarketSimulatorMain\SupermarketSimulatorMain\Program.cs,23,18,11,0,2,0,3,12,0,0
C:\Users\Chris\Documents\GitHub\Misc\SupermarketSimulatorMain\SupermarketSimulatorMain\Properties\AssemblyInfo.cs,37,15,3,0,5,0,17,120,0,0
C:\Users\Chris\Documents\GitHub\Misc\SupermarketSimulatorMain\SupermarketSimulatorMain\Properties\Resources.Designer.cs,72,41,16,3,9,1,22,119,0,1
C:\Users\Chris\Documents\GitHub\Misc\SupermarketSimulatorMain\SupermarketSimulatorMain\Properties\Settings.Designer.cs,31,17,6,1,6,1,8,30,0,1
C:\Users\Chris\Documents\GitHub\Misc\SupermarketSimulatorTest\SupermarketSimulatorTest\Form1.cs,48,41,29,1,7,0,0,0,0,0
C:\Users\Chris\Documents\GitHub\Misc\SupermarketSimulatorTest\SupermarketSimulatorTest\Form1.Designer.cs,146,100,88,1,8,0,38,63,0,0
C:\Users\Chris\Documents\GitHub\Misc\SupermarketSimulatorTest\SupermarketSimulatorTest\Game.cs,134,110,70,9,20,0,4,32,0,0
C:\Users\Chris\Documents\GitHub\Misc\SupermarketSimulatorTest\SupermarketSimulatorTest\Program.cs,23,18,11,0,2,0,3,12,0,0
C:\Users\Chris\Documents\GitHub\Misc\SupermarketSimulatorTest\SupermarketSimulatorTest\Properties\AssemblyInfo.cs,37,15,3,0,5,0,17,120,0,0
C:\Users\Chris\Documents\GitHub\Misc\SupermarketSimulatorTest\SupermarketSimulatorTest\Properties\Resources.Designer.cs,72,41,16,3,9,1,22,119,0,1
C:\Users\Chris\Documents\GitHub\Misc\SupermarketSimulatorTest\SupermarketSimulatorTest\Properties\Settings.Designer.cs,31,17,6,1,6,1,8,30,0,1
C:\Users\Chris\Documents\GitHub\Misc\SystemAll\SystemAll\Program.cs,18,16,10,0,2,0,0,0,0,0
C:\Users\Chris\Documents\GitHub\Misc\SystemAll\SystemAll\SystemAll.cs,75,58,45,2,10,0,7,44,0,0
C:\Users\Chris\Documents\GitHub\Misc\SystemAll\SystemAll\Properties\AssemblyInfo.cs,37,15,3,0,5,0,17,120,0,0
C:\Users\Chris\Documents\GitHub\Misc\TournamentOfPictures\TournamentOfPictures\BatchSelectionForm.cs,166,141,99,14,25,0,0,0,0,0
C:\Users\Chris\Documents\GitHub\Misc\TournamentOfPictures\TournamentOfPictures\BatchSelectionForm.Designer.cs,187,137,122,1,6,0,44,65,0,0
C:\Users\Chris\Documents\GitHub\Misc\TournamentOfPictures\TournamentOfPictures\BatchSelectionTournament.cs,184,147,95,12,37,0,0,0,0,0
C:\Users\Chris\Documents\GitHub\Misc\TournamentOfPictures\TournamentOfPictures\BracketedTournament.cs,477,417,244,41,55,2,5,73,0,0
C:\Users\Chris\Documents\GitHub\Misc\TournamentOfPictures\TournamentOfPictures\BracketedTournamentSerializer.cs,76,62,42,8,14,0,0,0,0,0
C:\Users\Chris\Documents\GitHub\Misc\TournamentOfPictures\TournamentOfPictures\FolderSelect.cs,56,49,26,2,7,0,0,0,0,0
C:\Users\Chris\Documents\GitHub\Misc\TournamentOfPictures\TournamentOfPictures\FolderSelect.Designer.cs,138,97,85,1,6,0,35,62,0,0
C:\Users\Chris\Documents\GitHub\Misc\TournamentOfPictures\TournamentOfPictures\Form1.cs,200,169,109,13,29,0,2,9,0,0
C:\Users\Chris\Documents\GitHub\Misc\TournamentOfPictures\TournamentOfPictures\Form1.Designer.cs,221,166,147,1,8,0,47,66,0,0
C:\Users\Chris\Documents\GitHub\Misc\TournamentOfPictures\TournamentOfPictures\HeuristicSort.cs,56,48,29,5,8,0,0,0,0,0
C:\Users\Chris\Documents\GitHub\Misc\TournamentOfPictures\TournamentOfPictures\Hierarchy.cs,133,66,37,12,17,1,50,312,0,1
C:\Users\Chris\Documents\GitHub\Misc\TournamentOfPictures\TournamentOfPictures\LauncherForm.cs,87,77,54,1,10,0,0,0,0,0
C:\Users\Chris\Documents\GitHub\Misc\TournamentOfPictures\TournamentOfPictures\LauncherForm.Designer.cs,125,90,73,1,6,0,29,60,0,0
C:\Users\Chris\Documents\GitHub\Misc\TournamentOfPictures\TournamentOfPictures\PictureList.cs,23,19,13,0,4,0,0,0,0,0
C:\Users\Chris\Documents\GitHub\Misc\TournamentOfPictures\TournamentOfPictures\PictureRatingSelector.cs,180,158,90,12,22,0,0,0,0,0
C:\Users\Chris\Documents\GitHub\Misc\TournamentOfPictures\TournamentOfPictures\PictureRatingSelector.Designer.cs,148,107,93,1,6,0,35,62,0,0
C:\Users\Chris\Documents\GitHub\Misc\TournamentOfPictures\TournamentOfPictures\PlaylistCreator.cs,20,17,11,1,3,0,0,0,0,0
C:\Users\Chris\Documents\GitHub\Misc\TournamentOfPictures\TournamentOfPictures\Program.cs,22,17,10,0,2,0,3,12,0,0
C:\Users\Chris\Documents\GitHub\Misc\TournamentOfPictures\TournamentOfPictures\QuantificationForm.cs,68,59,41,1,9,0,0,0,0,0
C:\Users\Chris\Documents\GitHub\Misc\TournamentOfPictures\TournamentOfPictures\QuantificationForm.Designer.cs,160,116,100,1,6,0,38,63,0,0
C:\Users\Chris\Documents\GitHub\Misc\TournamentOfPictures\TournamentOfPictures\QuantificationTournament.cs,61,51,34,2,10,0,0,0,0,0
C:\Users\Chris\Documents\GitHub\Misc\TournamentOfPictures\TournamentOfPictures\RatingSelector.cs,81,69,41,9,11,0,1,10,0,0
C:\Users\Chris\Documents\GitHub\Misc\TournamentOfPictures\TournamentOfPictures\RecursiveRatingSelector.cs,155,128,82,15,20,0,7,59,0,0
C:\Users\Chris\Documents\GitHub\Misc\TournamentOfPictures\TournamentOfPictures\StandingsForm.cs,46,38,24,1,8,0,0,0,0,0
C:\Users\Chris\Documents\GitHub\Misc\TournamentOfPictures\TournamentOfPictures\StandingsForm.Designer.cs,117,82,68,1,6,0,29,60,0,0
C:\Users\Chris\Documents\GitHub\Misc\TournamentOfPictures\TournamentOfPictures\ViewerForm.cs,47,40,26,1,7,0,0,0,0,0
C:\Users\Chris\Documents\GitHub\Misc\TournamentOfPictures\TournamentOfPictures\ViewerForm.Designer.cs,96,67,52,1,6,0,23,58,0,0
C:\Users\Chris\Documents\GitHub\Misc\TournamentOfPictures\TournamentOfPictures\WinnerForm.cs,55,49,33,1,6,0,0,0,0,0
C:\Users\Chris\Documents\GitHub\Misc\TournamentOfPictures\TournamentOfPictures\WinnerForm.Designer.cs,106,74,62,1,6,0,26,59,0,0
C:\Users\Chris\Documents\GitHub\Misc\TournamentOfPictures\TournamentOfPictures\Properties\AssemblyInfo.cs,37,15,3,0,5,0,17,120,0,0
C:\Users\Chris\Documents\GitHub\Misc\TournamentOfPictures\TournamentOfPictures\Properties\Resources.Designer.cs,64,33,17,3,9,1,22,119,0,1
C:\Users\Chris\Documents\GitHub\Misc\TournamentOfPictures\TournamentOfPictures\Properties\Settings.Designer.cs,27,13,6,1,6,1,8,30,0,1
C:\Users\Chris\Documents\GitHub\Misc\VirtualEntity\VirtualEntity\Form1.cs,21,19,13,0,2,0,0,0,0,0
C:\Users\Chris\Documents\GitHub\Misc\VirtualEntity\VirtualEntity\Form1.Designer.cs,40,23,11,1,6,0,11,54,0,0
C:\Users\Chris\Documents\GitHub\Misc\VirtualEntity\VirtualEntity\Program.cs,23,18,11,0,2,0,3,12,0,0
C:\Users\Chris\Documents\GitHub\Misc\VirtualEntity\VirtualEntity\Properties\AssemblyInfo.cs,37,15,3,0,5,0,17,120,0,0
C:\Users\Chris\Documents\GitHub\Misc\VirtualEntity\VirtualEntity\Properties\Resources.Designer.cs,72,41,16,3,9,1,22,119,0,1
C:\Users\Chris\Documents\GitHub\Misc\VirtualEntity\VirtualEntity\Properties\Settings.Designer.cs,31,17,6,1,6,1,8,30,0,1
C:\Users\Chris\Documents\GitHub\Misc\WinFormScratchPad\WinFormScratchPad\Form1.cs,104,92,47,5,12,0,0,0,0,0
C:\Users\Chris\Documents\GitHub\Misc\WinFormScratchPad\WinFormScratchPad\Form1.Designer.cs,100,66,54,1,8,0,26,59,0,0
C:\Users\Chris\Documents\GitHub\Misc\WinFormScratchPad\WinFormScratchPad\Program.cs,23,18,11,0,2,0,3,12,0,0
C:\Users\Chris\Documents\GitHub\Misc\WinFormScratchPad\WinFormScratchPad\Properties\AssemblyInfo.cs,37,15,3,0,5,0,17,120,0,0
C:\Users\Chris\Documents\GitHub\Misc\WinFormScratchPad\WinFormScratchPad\Properties\Resources.Designer.cs,72,41,16,3,9,1,22,119,0,1
C:\Users\Chris\Documents\GitHub\Misc\WinFormScratchPad\WinFormScratchPad\Properties\Settings.Designer.cs,31,17,6,1,6,1,8,30,0,1
